test-web+broker-mgmt-charts-core@perchwell.com,perchwell,testdata1.csv
test-web+broker-mgmt-charts-stribling@perchwell.com,perchwell,testdata2.csv
test-web+broker-mgmt-charts-brownharris@perchwell.com,perchwell,testdata3.csv
test-web+broker-mgmt-charts-domus@perchwell.com,perchwell,testdata4.csv
test-web+broker-mgmt-charts-corcoran@perchwell.com,perchwell,testdata5.csv
test-web+broker-mgmt-charts-halstead@perchwell.com,perchwell,testdata6.csv
test-web+broker-mgmt-charts-town@perchwell.com,perchwell,testdata7.csv
test-web+broker-mgmt-charts-sloanesquare@perchwell.com,perchwell,testdata8.csv
test-web+broker-mgmt-charts-fox@perchwell.com,perchwell,testdata9.csv
test-web+broker-mgmt-charts-berkshirehathaway@perchwell.com,perchwell,testdata10.csv
test-web+broker-mgmt-charts-sothebys@perchwell.com,perchwell,testdata11.csv
test-web+broker-mgmt-charts-worldwidehomes@perchwell.com,perchwell,testdata12.csv
test-web+broker-mgmt-charts-warburg@perchwell.com,perchwell,testdata13.csv
test-web+broker-mgmt-charts-modernspaces@perchwell.com,perchwell,testdata14.csv
test-web+broker-mgmt-charts-conquestadvisorsltd@perchwell.com,perchwell,testdata15.csv
test-web+broker-mgmt-charts-tollbrothers@perchwell.com,perchwell,testdata16.csv
test-web+broker-mgmt-charts-christies@perchwell.com,perchwell,testdata17.csv
test-web+broker-mgmt-charts-selita@perchwell.com,perchwell,testdata18.csv
test-web+broker-mgmt-charts-buyersmarket@perchwell.com,perchwell,testdata19.csv
test-web+broker-mgmt-charts-williamluxe@perchwell.com,perchwell,testdata20.csv
test-web+broker-no-listing-mgmt-core@perchwell.com,perchwell,testdata21.csv
test-web+broker-no-listing-mgmt-stribling@perchwell.com,perchwell,testdata22.csv
test-web+broker-no-listing-mgmt-brownharris@perchwell.com,perchwell,testdata23.csv
test-web+broker-no-listing-mgmt-domus@perchwell.com,perchwell,testdata24.csv
test-web+broker-no-listing-mgmt-corcoran@perchwell.com,perchwell,testdata25.csv
test-web+broker-no-listing-mgmt-halstead@perchwell.com,perchwell,testdata26.csv
test-web+broker-no-listing-mgmt-town@perchwell.com,perchwell,testdata27.csv
test-web+broker-no-listing-mgmt-sloanesquare@perchwell.com,perchwell,testdata28.csv
test-web+broker-no-listing-mgmt-fox@perchwell.com,perchwell,testdata29.csv
test-web+broker-no-listing-mgmt-berkshirehathaway@perchwell.com,perchwell,testdata30.csv
test-web+broker-no-listing-mgmt-sothebys@perchwell.com,perchwell,testdata31.csv
test-web+broker-no-listing-mgmt-worldwidehomes@perchwell.com,perchwell,testdata32.csv
test-web+broker-no-listing-mgmt-warburg@perchwell.com,perchwell,testdata33.csv
test-web+broker-no-listing-mgmt-modernspaces@perchwell.com,perchwell,testdata34.csv
test-web+broker-no-listing-mgmt-conquestadvisorsltd@perchwell.com,perchwell,testdata35.csv
test-web+broker-no-listing-mgmt-tollbrothers@perchwell.com,perchwell,testdata36.csv
test-web+broker-no-listing-mgmt-christies@perchwell.com,perchwell,testdata37.csv
test-web+broker-no-listing-mgmt-selita@perchwell.com,perchwell,testdata38.csv
test-web+broker-no-listing-mgmt-buyersmarket@perchwell.com,perchwell,testdata39.csv
test-web+broker-no-listing-mgmt-williamluxe@perchwell.com,perchwell,testdata40.csv
test-web+broker-no-th-charts+mgmt-charts-core@perchwell.com,perchwell,testdata41.csv
test-web+broker-no-th-charts+mgmt-charts-stribling@perchwell.com,perchwell,testdata42.csv
test-web+broker-no-th-charts+mgmt-charts-brownharris@perchwell.com,perchwell,testdata43.csv
test-web+broker-no-th-charts+mgmt-charts-domus@perchwell.com,perchwell,testdata44.csv
test-web+broker-no-th-charts+mgmt-charts-corcoran@perchwell.com,perchwell,testdata45.csv
test-web+broker-no-th-charts+mgmt-charts-halstead@perchwell.com,perchwell,testdata46.csv
test-web+broker-no-th-charts+mgmt-charts-town@perchwell.com,perchwell,testdata47.csv
test-web+broker-no-th-charts+mgmt-charts-sloanesquare@perchwell.com,perchwell,testdata48.csv
test-web+broker-no-th-charts+mgmt-charts-fox@perchwell.com,perchwell,testdata49.csv
test-web+broker-no-th-charts+mgmt-charts-berkshirehathaway@perchwell.com,perchwell,testdata50.csv
test-web+broker-no-th-charts+mgmt-charts-sothebys@perchwell.com,perchwell,testdata51.csv
test-web+broker-no-th-charts+mgmt-charts-worldwidehomes@perchwell.com,perchwell,testdata52.csv
test-web+broker-no-th-charts+mgmt-charts-warburg@perchwell.com,perchwell,testdata53.csv
test-web+broker-no-th-charts+mgmt-charts-modernspaces@perchwell.com,perchwell,testdata54.csv
test-web+broker-no-th-charts+mgmt-charts-conquestadvisorsltd@perchwell.com,perchwell,testdata55.csv
test-web+broker-no-th-charts+mgmt-charts-tollbrothers@perchwell.com,perchwell,testdata56.csv
test-web+broker-no-th-charts+mgmt-charts-christies@perchwell.com,perchwell,testdata57.csv
test-web+broker-no-th-charts+mgmt-charts-selita@perchwell.com,perchwell,testdata58.csv
test-web+broker-no-th-charts+mgmt-charts-buyersmarket@perchwell.com,perchwell,testdata59.csv
test-web+broker-no-th-charts+mgmt-charts-williamluxe@perchwell.com,perchwell,testdata60.csv
test-web+broker-no-th-charts-core@perchwell.com,perchwell,testdata61.csv
test-web+broker-no-th-charts-stribling@perchwell.com,perchwell,testdata62.csv
test-web+broker-no-th-charts-brownharris@perchwell.com,perchwell,testdata63.csv
test-web+broker-no-th-charts-domus@perchwell.com,perchwell,testdata64.csv
test-web+broker-no-th-charts-corcoran@perchwell.com,perchwell,testdata65.csv
test-web+broker-no-th-charts-halstead@perchwell.com,perchwell,testdata66.csv
test-web+broker-no-th-charts-town@perchwell.com,perchwell,testdata67.csv
test-web+broker-no-th-charts-sloanesquare@perchwell.com,perchwell,testdata68.csv
test-web+broker-no-th-charts-fox@perchwell.com,perchwell,testdata69.csv
test-web+broker-no-th-charts-berkshirehathaway@perchwell.com,perchwell,testdata70.csv
test-web+broker-no-th-charts-sothebys@perchwell.com,perchwell,testdata71.csv
test-web+broker-no-th-charts-worldwidehomes@perchwell.com,perchwell,testdata72.csv
test-web+broker-no-th-charts-warburg@perchwell.com,perchwell,testdata73.csv
test-web+broker-no-th-charts-modernspaces@perchwell.com,perchwell,testdata74.csv
test-web+broker-no-th-charts-conquestadvisorsltd@perchwell.com,perchwell,testdata75.csv
test-web+broker-no-th-charts-tollbrothers@perchwell.com,perchwell,testdata76.csv
test-web+broker-no-th-charts-christies@perchwell.com,perchwell,testdata77.csv
test-web+broker-no-th-charts-selita@perchwell.com,perchwell,testdata78.csv
test-web+broker-no-th-charts-buyersmarket@perchwell.com,perchwell,testdata79.csv
test-web+broker-no-th-charts-williamluxe@perchwell.com,perchwell,testdata80.csv
test-ios+broker-no-th-charts+mgmt-charts-core@perchwell.com,perchwell,testdata81.csv
test-ios+broker-no-th-charts+no-mgmt-charts-core@perchwell.com,perchwell,testdata82.csv
test-ios+broker-mgmt-charts-core@perchwell.com,perchwell,testdata83.csv
test-ios+broker-mgmt-charts-stribling@perchwell.com,perchwell,testdata84.csv
test-ios+broker-mgmt-charts-brownharris@perchwell.com,perchwell,testdata85.csv
test-ios+broker-mgmt-charts-domus@perchwell.com,perchwell,testdata86.csv
test-ios+broker-mgmt-charts-corcoran@perchwell.com,perchwell,testdata87.csv
test-ios+broker-mgmt-charts-halstead@perchwell.com,perchwell,testdata88.csv
test-ios+broker-mgmt-charts-town@perchwell.com,perchwell,testdata89.csv
test-ios+broker-mgmt-charts-sloanesquare@perchwell.com,perchwell,testdata90.csv
test-ios+broker-mgmt-charts-fox@perchwell.com,perchwell,testdata91.csv
test-ios+broker-mgmt-charts-berkshirehathaway@perchwell.com,perchwell,testdata92.csv
test-ios+broker-mgmt-charts-sothebys@perchwell.com,perchwell,testdata93.csv
test-ios+broker-mgmt-charts-worldwidehomes@perchwell.com,perchwell,testdata94.csv
test-ios+broker-mgmt-charts-warburg@perchwell.com,perchwell,testdata95.csv
test-ios+broker-mgmt-charts-modernspaces@perchwell.com,perchwell,testdata96.csv
test-ios+broker-mgmt-charts-conquestadvisorsltd@perchwell.com,perchwell,testdata97.csv
test-ios+broker-mgmt-charts-tollbrothers@perchwell.com,perchwell,testdata98.csv
test-ios+broker-mgmt-charts-christies@perchwell.com,perchwell,testdata99.csv
test-ios+broker-mgmt-charts-selita@perchwell.com,perchwell,testdata100.csv
test-ios+broker-mgmt-charts-buyersmarket@perchwell.com,perchwell,testdata101.csv
test-ios+broker-mgmt-charts-williamluxe@perchwell.com,perchwell,testdata102.csv
test-ios+broker-no-listing-mgmt-core@perchwell.com,perchwell,testdata103.csv
test-ios+broker-no-listing-mgmt-stribling@perchwell.com,perchwell,testdata104.csv
test-ios+broker-no-listing-mgmt-brownharris@perchwell.com,perchwell,testdata105.csv
test-ios+broker-no-listing-mgmt-domus@perchwell.com,perchwell,testdata106.csv
test-ios+broker-no-listing-mgmt-corcoran@perchwell.com,perchwell,testdata107.csv
test-ios+broker-no-listing-mgmt-halstead@perchwell.com,perchwell,testdata108.csv
test-ios+broker-no-listing-mgmt-town@perchwell.com,perchwell,testdata109.csv
test-ios+broker-no-listing-mgmt-sloanesquare@perchwell.com,perchwell,testdata110.csv
test-ios+broker-no-listing-mgmt-fox@perchwell.com,perchwell,testdata111.csv
test-ios+broker-no-listing-mgmt-berkshirehathaway@perchwell.com,perchwell,testdata112.csv
test-ios+broker-no-listing-mgmt-sothebys@perchwell.com,perchwell,testdata113.csv
test-ios+broker-no-listing-mgmt-worldwidehomes@perchwell.com,perchwell,testdata114.csv
test-ios+broker-no-listing-mgmt-warburg@perchwell.com,perchwell,testdata115.csv
test-ios+broker-no-listing-mgmt-modernspaces@perchwell.com,perchwell,testdata116.csv
test-ios+broker-no-listing-mgmt-conquestadvisorsltd@perchwell.com,perchwell,testdata117.csv
test-ios+broker-no-listing-mgmt-tollbrothers@perchwell.com,perchwell,testdata118.csv
test-ios+broker-no-listing-mgmt-christies@perchwell.com,perchwell,testdata119.csv
test-ios+broker-no-listing-mgmt-selita@perchwell.com,perchwell,testdata120.csv
test-ios+broker-no-listing-mgmt-buyersmarket@perchwell.com,perchwell,testdata121.csv
test-ios+broker-no-listing-mgmt-williamluxe@perchwell.com,perchwell,testdata122.csv
test-android+broker-no-th-charts+mgmt-charts-core@perchwell.com,perchwell,testdata123.csv
test-android+broker-no-th-charts+no-mgmt-charts-core@perchwell.com,perchwell,testdata124.csv
test-android+broker-mgmt-charts-core@perchwell.com,perchwell,testdata125.csv
test-android+broker-mgmt-charts-stribling@perchwell.com,perchwell,testdata126.csv
test-android+broker-mgmt-charts-brownharris@perchwell.com,perchwell,testdata127.csv
test-android+broker-mgmt-charts-domus@perchwell.com,perchwell,testdata128.csv
test-android+broker-mgmt-charts-corcoran@perchwell.com,perchwell,testdata129.csv
test-android+broker-mgmt-charts-halstead@perchwell.com,perchwell,testdata130.csv
test-android+broker-mgmt-charts-town@perchwell.com,perchwell,testdata131.csv
test-android+broker-mgmt-charts-sloanesquare@perchwell.com,perchwell,testdata132.csv
test-android+broker-mgmt-charts-fox@perchwell.com,perchwell,testdata133.csv
test-android+broker-mgmt-charts-berkshirehathaway@perchwell.com,perchwell,testdata134.csv
test-android+broker-mgmt-charts-sothebys@perchwell.com,perchwell,testdata135.csv
test-android+broker-mgmt-charts-worldwidehomes@perchwell.com,perchwell,testdata136.csv
test-android+broker-mgmt-charts-warburg@perchwell.com,perchwell,testdata137.csv
test-android+broker-mgmt-charts-modernspaces@perchwell.com,perchwell,testdata138.csv
test-android+broker-mgmt-charts-conquestadvisorsltd@perchwell.com,perchwell,testdata139.csv
test-android+broker-mgmt-charts-tollbrothers@perchwell.com,perchwell,testdata140.csv
test-android+broker-mgmt-charts-christies@perchwell.com,perchwell,testdata141.csv
test-android+broker-mgmt-charts-selita@perchwell.com,perchwell,testdata142.csv
test-android+broker-mgmt-charts-buyersmarket@perchwell.com,perchwell,testdata143.csv
test-android+broker-mgmt-charts-williamluxe@perchwell.com,perchwell,testdata144.csv
test-android+broker-no-listing-mgmt-core@perchwell.com,perchwell,testdata145.csv
test-android+broker-no-listing-mgmt-stribling@perchwell.com,perchwell,testdata146.csv
test-android+broker-no-listing-mgmt-brownharris@perchwell.com,perchwell,testdata147.csv
test-android+broker-no-listing-mgmt-domus@perchwell.com,perchwell,testdata148.csv
test-android+broker-no-listing-mgmt-corcoran@perchwell.com,perchwell,testdata149.csv
test-android+broker-no-listing-mgmt-halstead@perchwell.com,perchwell,testdata150.csv
test-android+broker-no-listing-mgmt-town@perchwell.com,perchwell,testdata151.csv
test-android+broker-no-listing-mgmt-sloanesquare@perchwell.com,perchwell,testdata152.csv
test-android+broker-no-listing-mgmt-fox@perchwell.com,perchwell,testdata153.csv
test-android+broker-no-listing-mgmt-berkshirehathaway@perchwell.com,perchwell,testdata154.csv
test-android+broker-no-listing-mgmt-sothebys@perchwell.com,perchwell,testdata155.csv
test-android+broker-no-listing-mgmt-worldwidehomes@perchwell.com,perchwell,testdata156.csv
test-android+broker-no-listing-mgmt-warburg@perchwell.com,perchwell,testdata157.csv
test-android+broker-no-listing-mgmt-modernspaces@perchwell.com,perchwell,testdata158.csv
test-android+broker-no-listing-mgmt-conquestadvisorsltd@perchwell.com,perchwell,testdata159.csv
test-android+broker-no-listing-mgmt-tollbrothers@perchwell.com,perchwell,testdata160.csv
test-android+broker-no-listing-mgmt-christies@perchwell.com,perchwell,testdata161.csv
test-android+broker-no-listing-mgmt-selita@perchwell.com,perchwell,testdata162.csv
test-android+broker-no-listing-mgmt-buyersmarket@perchwell.com,perchwell,testdata163.csv
test-android+broker-no-listing-mgmt-williamluxe@perchwell.com,perchwell,testdata164.csv
