test-web+mgmt-core@perchwell.com,perchwell,testdata1.csv
test-web+mgmt-stribling@perchwell.com,perchwell,testdata2.csv
test-web+mgmt-brownharris@perchwell.com,perchwell,testdata3.csv
test-web+mgmt-domus@perchwell.com,perchwell,testdata4.csv
test-web+mgmt-corcoran@perchwell.com,perchwell,testdata5.csv
test-web+mgmt-halstead@perchwell.com,perchwell,testdata6.csv
test-web+mgmt-town@perchwell.com,perchwell,testdata7.csv
test-web+mgmt-sloanesquare@perchwell.com,perchwell,testdata8.csv
test-web+mgmt-fox@perchwell.com,perchwell,testdata9.csv
test-web+mgmt-berkshirehathaway@perchwell.com,perchwell,testdata10.csv
test-web+mgmt-sothebys@perchwell.com,perchwell,testdata11.csv
test-web+mgmt-worldwidehomes@perchwell.com,perchwell,testdata12.csv
test-web+mgmt-warburg@perchwell.com,perchwell,testdata13.csv
test-web+mgmt-modernspaces@perchwell.com,perchwell,testdata14.csv
test-web+mgmt-conquestadvisorsltd@perchwell.com,perchwell,testdata15.csv
test-web+mgmt-tollbrothers@perchwell.com,perchwell,testdata16.csv
test-web+mgmt-christies@perchwell.com,perchwell,testdata17.csv
test-web+mgmt-selita@perchwell.com,perchwell,testdata18.csv
test-web+mgmt-buyersmarket@perchwell.com,perchwell,testdata19.csv
test-web+mgmt-williamluxe@perchwell.com,perchwell,testdata20.csv
test-web+broker-core@perchwell.com,perchwell,testdata21.csv
test-web+broker-stribling@perchwell.com,perchwell,testdata22.csv
test-web+broker-brownharris@perchwell.com,perchwell,testdata23.csv
test-web+broker-domus@perchwell.com,perchwell,testdata24.csv
test-web+broker-corcoran@perchwell.com,perchwell,testdata25.csv
test-web+broker-halstead@perchwell.com,perchwell,testdata26.csv
test-web+broker-town@perchwell.com,perchwell,testdata27.csv
test-web+broker-sloanesquare@perchwell.com,perchwell,testdata28.csv
test-web+broker-fox@perchwell.com,perchwell,testdata29.csv
test-web+broker-berkshirehathaway@perchwell.com,perchwell,testdata30.csv
test-web+broker-sothebys@perchwell.com,perchwell,testdata31.csv
test-web+broker-worldwidehomes@perchwell.com,perchwell,testdata32.csv
test-web+broker-warburg@perchwell.com,perchwell,testdata33.csv
test-web+broker-modernspaces@perchwell.com,perchwell,testdata34.csv
test-web+broker-conquestadvisorsltd@perchwell.com,perchwell,testdata35.csv
test-web+broker-tollbrothers@perchwell.com,perchwell,testdata36.csv
test-web+broker-christies@perchwell.com,perchwell,testdata37.csv
test-web+broker-selita@perchwell.com,perchwell,testdata38.csv
test-web+broker-buyersmarket@perchwell.com,perchwell,testdata39.csv
test-web+broker-williamluxe@perchwell.com,perchwell,testdata40.csv
test-web+mgmt-no-th-charts-core@perchwell.com,perchwell,testdata41.csv
test-web+mgmt-no-th-charts-stribling@perchwell.com,perchwell,testdata42.csv
test-web+mgmt-no-th-charts-brownharris@perchwell.com,perchwell,testdata43.csv
test-web+mgmt-no-th-charts-domus@perchwell.com,perchwell,testdata44.csv
test-web+mgmt-no-th-charts-corcoran@perchwell.com,perchwell,testdata45.csv
test-web+mgmt-no-th-charts-halstead@perchwell.com,perchwell,testdata46.csv
test-web+mgmt-no-th-charts-town@perchwell.com,perchwell,testdata47.csv
test-web+mgmt-no-th-charts-sloanesquare@perchwell.com,perchwell,testdata48.csv
test-web+mgmt-no-th-charts-fox@perchwell.com,perchwell,testdata49.csv
test-web+mgmt-no-th-charts-berkshirehathaway@perchwell.com,perchwell,testdata50.csv
test-web+mgmt-no-th-charts-sothebys@perchwell.com,perchwell,testdata51.csv
test-web+mgmt-no-th-charts-worldwidehomes@perchwell.com,perchwell,testdata52.csv
test-web+mgmt-no-th-charts-warburg@perchwell.com,perchwell,testdata53.csv
test-web+mgmt-no-th-charts-modernspaces@perchwell.com,perchwell,testdata54.csv
test-web+mgmt-no-th-charts-conquestadvisorsltd@perchwell.com,perchwell,testdata55.csv
test-web+mgmt-no-th-charts-tollbrothers@perchwell.com,perchwell,testdata56.csv
test-web+mgmt-no-th-charts-christies@perchwell.com,perchwell,testdata57.csv
test-web+mgmt-no-th-charts-selita@perchwell.com,perchwell,testdata58.csv
test-web+mgmt-no-th-charts-buyersmarket@perchwell.com,perchwell,testdata59.csv
test-web+mgmt-no-th-charts-williamluxe@perchwell.com,perchwell,testdata60.csv
tatsiana.remizevich@itechart-group.com,perchwell,testdata61.csv
tatsiana.remizevich+sothebys@itechart-group.com,perchwell,testdata62.csv
tatsiana.remizevich+stribling@itechart-group.com,perchwell,testdata63.csv
test-ios+mgmt-core@perchwell.com,perchwell,testdata64.csv
test-ios+mgmt-stribling@perchwell.com,perchwell,testdata65.csv
test-ios+mgmt-brownharris@perchwell.com,perchwell,testdata66.csv
test-ios+mgmt-domus@perchwell.com,perchwell,testdata67.csv
test-ios+mgmt-corcoran@perchwell.com,perchwell,testdata68.csv
test-ios+mgmt-halstead@perchwell.com,perchwell,testdata69.csv
test-ios+mgmt-town@perchwell.com,perchwell,testdata70.csv
test-ios+mgmt-sloanesquare@perchwell.com,perchwell,testdata71.csv
test-ios+mgmt-fox@perchwell.com,perchwell,testdata72.csv
test-ios+mgmt-berkshirehathaway@perchwell.com,perchwell,testdata73.csv
test-ios+mgmt-sothebys@perchwell.com,perchwell,testdata74.csv
test-ios+mgmt-worldwidehomes@perchwell.com,perchwell,testdata75.csv
test-ios+mgmt-warburg@perchwell.com,perchwell,testdata76.csv
test-ios+mgmt-modernspaces@perchwell.com,perchwell,testdata77.csv
test-ios+mgmt-conquestadvisorsltd@perchwell.com,perchwell,testdata78.csv
test-ios+mgmt-tollbrothers@perchwell.com,perchwell,testdata79.csv
test-ios+mgmt-christies@perchwell.com,perchwell,testdata80.csv
test-ios+mgmt-selita@perchwell.com,perchwell,testdata81.csv
test-ios+mgmt-buyersmarket@perchwell.com,perchwell,testdata82.csv
test-ios+mgmt-williamluxe@perchwell.com,perchwell,testdata83.csv
test-android+mgmt-core@perchwell.com,perchwell,testdata84.csv
test-android+mgmt-stribling@perchwell.com,perchwell,testdata85.csv
test-android+mgmt-brownharris@perchwell.com,perchwell,testdata86.csv
test-android+mgmt-domus@perchwell.com,perchwell,testdata87.csv
test-android+mgmt-corcoran@perchwell.com,perchwell,testdata88.csv
test-android+mgmt-halstead@perchwell.com,perchwell,testdata89.csv
test-android+mgmt-town@perchwell.com,perchwell,testdata90.csv
test-android+mgmt-sloanesquare@perchwell.com,perchwell,testdata91.csv
test-android+mgmt-fox@perchwell.com,perchwell,testdata92.csv
test-android+mgmt-berkshirehathaway@perchwell.com,perchwell,testdata93.csv
test-android+mgmt-sothebys@perchwell.com,perchwell,testdata94.csv
test-android+mgmt-worldwidehomes@perchwell.com,perchwell,testdata95.csv
test-android+mgmt-warburg@perchwell.com,perchwell,testdata96.csv
test-android+mgmt-modernspaces@perchwell.com,perchwell,testdata97.csv
test-android+mgmt-conquestadvisorsltd@perchwell.com,perchwell,testdata98.csv
test-android+mgmt-tollbrothers@perchwell.com,perchwell,testdata99.csv
test-android+mgmt-christies@perchwell.com,perchwell,testdata100.csv
test-android+mgmt-selita@perchwell.com,perchwell,testdata101.csv
test-android+mgmt-buyersmarket@perchwell.com,perchwell,testdata102.csv
test-android+mgmt-williamluxe@perchwell.com,perchwell,testdata103.csv
